tenure_months,monthly_active_days,support_tickets_count,avg_session_duration_min,overdue_payment_count,plan_tier,discount_applied,is_churn
39,12,0,18.7,0,2,0,0
29,7,5,14.0,0,2,0,0
15,1,1,25.8,0,3,1,0
43,19,2,18.5,0,2,1,0
8,0,3,37.0,0,1,0,0
21,30,1,25.8,0,1,1,0
39,4,0,31.5,0,2,0,0
19,8,0,33.4,0,1,0,0
23,16,0,44.7,2,2,0,0
11,8,2,17.0,0,1,1,0
11,10,2,14.7,0,1,0,0
24,14,1,16.3,0,1,1,0
36,23,1,23.0,0,2,0,0
40,5,2,27.2,0,1,1,0
24,22,1,12.5,0,2,1,0
3,2,0,15.6,0,1,1,0
22,29,1,27.3,0,2,1,0
2,30,3,25.2,1,2,0,0
24,16,2,17.8,1,1,0,0
44,4,6,8.5,0,2,0,0
30,29,1,25.0,0,1,0,0
38,27,0,32.7,0,1,1,0
2,11,1,31.8,0,1,0,0
21,17,1,19.5,0,2,0,0
33,13,3,12.9,0,3,0,0
12,20,2,10.0,1,2,0,0
22,23,2,12.3,0,2,0,0
44,10,1,29.2,0,2,1,0
25,8,2,18.7,0,1,0,0
27,1,2,22.3,0,3,0,0
42,11,3,6.5,0,1,1,0
28,2,3,37.9,0,3,1,0
16,2,3,44.2,1,2,0,0
15,0,3,14.0,0,2,1,0
47,7,0,49.7,0,2,0,0
44,21,0,17.0,3,1,0,0
3,27,2,11.6,0,2,0,0
37,28,2,13.4,0,1,0,0
7,7,1,16.1,1,2,1,0
21,10,3,15.0,0,2,0,0
9,8,0,17.8,0,3,0,0
39,4,0,14.1,0,2,1,0
18,13,1,35.3,3,1,0,0
4,27,2,15.5,0,1,0,0
25,29,1,7.0,0,2,1,0
14,2,1,10.8,0,1,0,0
9,20,1,18.6,0,1,1,0
26,4,3,20.2,0,2,0,0
2,4,3,36.3,0,2,1,0
20,18,2,19.6,0,2,0,0
28,26,2,24.8,0,1,1,0
47,13,3,16.8,3,2,0,0
7,25,1,25.6,0,1,1,0
44,29,2,6.4,0,2,0,0
8,3,2,26.1,2,1,0,1
47,24,2,18.2,0,3,0,0
35,12,1,37.3,0,1,1,0
14,9,1,38.9,1,1,1,0
17,24,2,27.8,0,2,0,0
36,17,1,16.9,0,2,0,0
40,7,1,17.5,0,1,1,0
4,7,2,11.0,0,2,0,0
2,6,2,19.1,0,1,1,1
6,7,1,8.0,0,3,1,0
42,13,2,18.9,0,2,1,0
4,18,2,36.3,0,1,0,0
29,28,3,15.9,0,2,0,0
18,5,1,26.1,0,1,1,0
26,0,1,31.1,1,1,1,0
44,22,3,34.8,0,3,1,0
34,30,3,15.9,1,2,0,0
10,14,1,11.2,0,1,0,0
36,0,1,10.1,0,1,0,1
14,24,1,11.6,0,1,1,0
31,16,0,16.7,0,3,0,0
15,0,0,7.8,0,1,0,0
8,14,0,13.5,0,1,0,0
14,22,2,38.1,0,1,0,0
23,1,2,36.5,0,1,1,0
40,13,2,4.6,0,1,0,0
21,20,1,71.4,0,1,0,0
16,7,1,43.2,0,1,0,0
45,7,0,7.8,0,1,0,0
18,18,0,22.1,0,3,0,0
47,6,0,15.8,0,1,0,0
24,18,2,14.8,0,2,1,0
26,5,0,7.5,3,2,0,0
25,5,1,34.6,0,2,0,0
45,2,2,34.3,0,3,0,0
41,6,3,26.5,0,1,1,0
29,18,1,58.0,2,1,0,0
15,7,2,19.4,0,1,1,0
45,9,6,13.7,2,1,0,0
1,19,1,11.1,0,2,1,0
25,14,1,12.2,0,2,0,0
7,14,3,42.7,1,3,1,0
9,28,1,26.8,0,1,0,0
24,0,3,16.7,0,3,0,0
1,19,3,14.2,1,1,1,0
44,29,1,32.6,2,1,0,0
8,6,1,8.7,0,1,1,0
24,26,2,10.0,0,2,0,0
11,3,1,34.7,1,1,1,0
17,28,2,26.1,0,3,1,0
8,5,0,11.1,1,3,1,0
35,24,1,22.8,0,3,1,0
35,0,3,12.2,0,1,1,1
33,28,4,22.3,2,3,1,0
5,4,0,20.6,0,2,0,0
42,26,1,15.8,0,1,0,0
39,22,1,15.8,0,1,1,0
41,0,3,10.5,0,1,1,0
28,29,3,16.9,0,1,1,0
7,3,3,47.5,1,2,1,0
9,21,1,21.5,0,3,1,0
8,1,0,62.3,0,1,0,0
12,9,2,6.1,1,2,0,0
34,4,3,15.1,0,3,0,0
33,26,4,29.4,0,1,0,0
23,9,0,71.4,0,3,0,0
24,0,2,7.7,2,2,1,0
37,21,2,20.9,0,2,1,0
35,5,2,27.9,0,1,0,0
44,12,2,43.4,0,2,0,0
40,30,0,15.2,0,1,0,0
22,14,0,18.0,0,2,0,0
27,3,2,10.7,0,1,0,0
35,12,2,17.1,0,3,0,0
1,23,3,19.3,3,1,0,0
35,19,1,27.1,0,1,0,0
37,23,5,32.9,0,2,1,0
47,14,1,8.7,0,1,0,0
14,28,1,13.8,0,2,0,0
3,7,2,26.1,0,3,0,0
1,4,1,6.5,0,2,0,1
5,28,0,52.0,0,1,1,0
26,14,1,41.1,0,2,1,0
14,3,1,28.2,0,2,0,0
39,11,0,31.7,0,2,1,0
27,12,1,39.3,0,1,0,0
9,1,2,40.5,0,1,1,0
15,26,1,28.7,0,2,0,0
15,30,2,9.4,0,1,0,0
26,18,3,25.8,0,1,1,0
42,18,2,41.5,1,1,1,0
13,3,1,23.6,0,2,1,0
32,3,3,35.0,0,3,0,0
39,25,0,31.9,0,2,0,0
32,10,1,34.9,0,1,1,0
4,26,2,15.5,0,1,0,0
30,4,1,34.3,2,3,0,0
37,19,0,12.4,0,3,0,0
23,10,1,12.5,3,3,0,0
39,29,2,16.8,1,2,0,0
45,9,1,30.7,0,1,0,0
15,7,3,25.3,0,2,0,0
43,5,1,24.1,0,1,1,0
29,5,1,18.3,0,1,0,0
36,7,2,4.4,2,2,0,0
13,22,1,21.2,0,1,0,0
32,14,1,10.7,1,1,1,0
7,25,2,10.2,0,1,0,0
22,13,1,29.9,1,1,1,0
28,10,1,4.9,2,3,0,0
2,11,3,43.9,0,1,1,0
42,25,0,24.4,0,1,0,0
45,12,0,16.1,0,1,0,0
6,7,1,2.8,1,1,1,1
28,29,1,12.5,2,1,1,0
28,17,1,19.0,1,2,0,0
44,24,2,4.6,0,1,0,0
44,0,1,16.6,0,2,0,0
20,14,3,40.1,1,3,1,0
30,7,1,20.9,0,2,0,0
11,27,3,44.2,1,1,0,0
28,10,1,12.8,0,1,0,0
25,11,0,6.6,0,3,1,0
39,11,2,28.1,0,2,1,0
33,3,0,31.5,0,2,1,0
1,15,1,39.1,0,3,0,0
27,3,3,46.3,0,3,1,0
13,4,1,20.8,0,3,1,0
41,23,0,42.0,0,2,1,0
3,4,4,79.1,0,1,0,0
39,7,1,35.8,0,3,0,0
6,30,2,12.9,2,2,1,0
8,9,0,21.0,0,1,0,0
27,16,1,27.6,3,2,0,0
9,27,3,26.7,0,2,1,0
37,30,1,19.1,0,3,1,0
33,25,0,49.2,0,2,1,0
42,8,1,6.5,0,1,1,0
44,21,1,21.8,0,3,0,0
24,18,0,27.2,0,2,0,0
15,28,0,13.4,0,2,0,0
32,13,3,40.4,0,1,0,0
32,7,1,25.8,0,1,0,0
24,8,0,23.7,0,2,0,0
41,21,1,30.6,0,1,0,0
12,10,0,23.9,0,1,1,0
39,22,3,33.9,0,2,1,0
2,0,1,3.9,0,1,1,0
3,13,0,5.3,0,1,1,0
37,4,4,36.2,1,1,1,0
17,20,2,21.3,1,1,1,0
2,25,1,13.2,0,2,1,0
2,13,2,25.6,0,1,1,0
28,3,0,20.9,0,1,1,0
23,21,2,12.4,0,2,1,0
37,22,1,65.4,0,3,0,0
32,24,1,49.4,0,2,0,0
33,0,2,14.6,0,1,0,0
1,30,0,14.7,0,1,0,0
19,21,0,12.8,0,3,0,0
2,22,1,16.5,0,1,0,0
44,18,2,32.4,0,2,0,0
26,7,0,22.8,0,1,0,0
32,14,0,16.3,0,1,1,0
6,20,1,19.8,0,2,0,0
32,14,4,16.4,0,2,1,0
4,8,1,12.0,0,2,1,0
11,20,0,10.5,0,1,0,0
17,8,3,10.0,1,1,1,0
38,9,2,25.3,0,2,0,0
24,19,3,38.4,3,2,0,0
5,24,1,23.6,0,1,0,0
34,20,3,4.5,0,1,0,0
6,25,2,24.9,0,1,0,0
22,8,0,14.2,0,3,0,0
11,2,3,10.7,0,2,0,0
16,30,0,7.8,0,3,0,0
33,19,1,10.7,1,1,0,0
9,24,5,10.9,2,3,1,0
6,25,2,6.4,0,1,0,0
16,10,0,10.9,0,2,0,0
29,5,1,29.0,0,2,0,0
3,1,3,42.8,0,1,0,0
20,6,2,4.7,1,1,0,0
36,17,1,34.8,1,1,1,0
19,26,0,19.1,1,1,0,0
26,1,3,8.1,0,2,1,0
3,26,0,16.2,0,2,1,0
19,16,1,28.1,0,2,0,0
20,10,3,21.7,3,2,0,0
32,26,0,5.7,0,2,1,0
7,11,0,20.6,0,1,1,0
41,26,0,32.4,0,1,0,0
33,18,1,29.6,1,3,1,0
40,21,1,16.7,0,1,1,0
39,23,1,21.1,0,2,0,0
18,24,2,17.3,2,1,1,0
40,6,1,28.5,2,2,0,0
1,19,2,29.6,0,2,0,0
11,5,2,3.7,0,1,1,1
28,20,1,32.6,1,1,1,0
25,23,3,27.5,2,2,0,0
23,0,0,14.1,0,1,0,0
31,16,2,37.8,0,1,1,0
30,28,2,17.3,0,2,1,0
42,30,1,12.2,1,1,1,0
35,10,2,14.2,0,3,1,0
7,21,1,22.0,0,2,1,0
16,25,3,16.2,0,1,0,0
26,27,0,13.9,2,2,0,0
2,17,0,12.5,0,2,0,0
1,20,2,30.3,0,1,1,0
12,16,0,28.9,0,1,1,0
5,6,4,4.6,0,1,0,0
37,16,0,14.8,0,1,0,0
32,19,2,32.1,0,1,0,0
9,8,4,20.3,0,1,0,0
41,16,3,33.3,2,1,0,0
35,19,1,39.5,0,2,0,0
19,21,5,39.3,0,2,0,0
16,21,1,35.8,0,2,0,0
3,27,2,18.1,0,2,0,0
20,30,0,15.4,0,2,0,0
24,28,0,19.3,1,2,1,0
33,7,1,16.3,0,2,0,0
24,16,0,36.4,0,1,1,0
11,6,0,29.0,3,3,1,0
8,0,0,22.1,0,1,0,0
36,12,0,8.7,1,1,0,0
38,29,1,28.7,0,2,1,0
40,22,3,39.5,0,1,1,0
20,18,1,13.8,0,1,1,0
35,26,0,37.1,0,2,1,0
25,23,2,27.4,0,2,0,0
35,18,0,67.9,0,2,0,0
25,29,1,19.1,0,2,0,0
29,29,0,14.4,1,1,0,0
18,28,3,34.0,0,1,0,0
46,16,2,12.9,2,2,1,0
18,12,0,21.8,0,1,0,0
2,28,1,25.6,0,2,0,0
35,29,1,33.3,1,1,1,0
16,15,3,39.9,0,1,1,1
41,7,0,58.8,2,2,0,0
36,18,2,5.8,0,2,1,0
33,17,5,56.6,0,2,1,0
4,0,2,8.1,0,1,0,1
33,13,3,10.7,0,1,0,0
14,18,2,31.0,0,1,0,0
21,14,1,23.1,0,1,0,0
20,17,1,9.9,0,1,0,0
8,1,1,29.7,0,1,1,1
7,21,3,19.0,0,2,1,0
3,27,3,6.1,0,1,1,0
17,16,0,40.8,0,2,1,0
33,17,1,12.3,1,3,1,0
12,29,2,10.0,1,1,0,0
22,5,0,21.8,0,1,0,0
22,18,1,11.4,1,1,1,0
46,30,0,29.6,0,2,0,0
30,3,1,18.8,1,1,0,0
38,0,3,25.8,0,1,1,0
38,7,2,13.7,0,2,1,0
45,28,1,22.8,0,1,0,0
8,22,2,11.7,0,2,1,0
27,6,2,17.3,0,2,0,0
27,2,1,20.8,0,2,1,0
34,9,1,5.5,1,1,0,0
21,9,4,37.6,0,3,1,0
30,18,2,7.3,0,2,0,0
33,13,1,10.5,0,1,1,0
28,1,1,11.9,0,1,0,0
47,27,2,28.8,0,1,0,0
33,0,0,14.7,0,2,0,0
5,22,2,49.9,0,2,0,0
19,22,3,51.7,0,2,0,0
4,27,1,29.5,0,3,0,0
35,17,3,12.4,2,1,1,0
17,6,2,18.2,1,1,1,1
44,28,1,21.9,0,3,0,0
28,7,0,37.2,0,2,1,0
30,0,3,17.5,0,1,0,0
29,24,1,11.9,0,2,0,0
46,22,3,9.1,0,3,0,0
6,2,2,38.5,0,2,0,1
35,23,2,29.6,3,2,0,0
41,22,0,16.6,0,2,1,0
37,26,1,17.5,0,1,0,0
24,30,2,5.3,0,2,0,0
29,28,3,10.3,0,1,0,0
46,7,1,59.9,0,3,1,0
31,21,2,23.2,0,1,1,0
35,24,1,6.9,0,2,1,0
33,14,0,7.8,0,1,1,0
21,4,1,16.0,0,1,1,1
32,2,0,11.6,0,1,1,0
23,18,0,20.4,0,3,0,0
33,0,2,28.3,0,3,1,0
3,27,1,10.8,0,1,0,0
18,14,0,16.8,3,3,1,0
25,7,2,8.9,0,2,1,0
42,1,1,51.3,1,2,1,0
31,2,1,28.3,2,1,0,0
3,23,1,29.1,0,3,1,0
40,13,2,27.0,0,2,1,0
46,23,2,11.5,1,3,0,0
24,13,3,23.4,0,2,0,0
32,10,0,22.8,0,2,1,0
47,15,3,23.8,2,2,1,0
22,3,0,12.9,0,1,0,0
23,19,4,13.4,0,1,0,0
2,4,0,35.1,0,1,0,0
27,21,1,16.2,1,1,0,0
42,20,0,35.1,0,2,1,0
2,13,1,12.9,0,2,1,0
26,30,2,12.6,1,3,1,0
17,22,2,12.2,0,1,0,0
40,15,4,19.9,0,2,1,0
33,17,1,36.3,0,1,0,0
9,6,2,13.4,0,1,0,0
43,9,0,12.9,0,1,0,0
39,6,0,23.7,0,2,0,0
29,0,3,7.8,0,1,0,1
42,22,0,37.4,3,2,0,0
26,20,2,20.5,0,1,0,0
35,18,3,20.8,0,3,0,0
25,15,0,39.1,0,2,1,1
24,28,1,45.9,1,3,0,0
13,18,1,18.5,0,3,1,0
7,3,1,12.8,0,3,0,0
36,28,2,16.2,0,3,1,0
45,27,0,12.6,0,2,1,0
20,17,2,10.1,0,1,1,0
1,1,1,9.2,0,1,1,0
8,0,3,16.7,0,1,0,0
46,14,1,28.9,1,2,0,0
16,4,0,22.1,0,2,0,0
14,19,3,26.2,0,3,0,0
12,10,0,23.9,0,3,0,0
23,9,1,6.1,2,1,1,0
15,30,1,15.3,0,2,0,0
28,1,0,20.8,3,3,1,0
34,2,2,19.4,1,1,1,0
2,22,0,14.0,0,2,1,0
32,22,1,22.5,0,1,1,0
23,11,1,39.0,0,2,1,0
22,19,6,27.5,0,1,0,1
25,4,2,35.0,0,3,0,0
22,4,2,41.6,0,2,1,0
22,5,0,33.5,2,1,1,1
42,29,0,39.4,0,1,1,0
6,8,1,4.7,1,1,0,1
15,1,1,23.1,0,3,1,0
43,20,1,11.2,0,2,0,0
37,11,1,29.4,1,1,0,0
33,2,1,31.9,0,1,0,0
8,19,3,11.4,0,2,0,0
44,25,4,33.0,0,2,0,0
44,21,1,20.3,0,2,0,0
5,11,3,20.7,0,1,0,0
39,23,0,33.1,0,2,0,0
4,16,2,12.3,0,2,1,0
6,9,0,32.9,2,3,1,0
45,29,1,12.4,0,3,0,0
32,23,1,20.1,2,2,0,0
30,26,1,12.3,0,2,1,0
47,13,2,24.0,0,1,0,0
35,22,1,23.6,0,2,0,0
40,16,0,21.8,0,1,1,0
16,17,3,15.4,1,1,1,0
13,18,1,31.0,0,1,0,0
42,16,1,5.1,0,2,0,0
30,13,2,18.3,0,1,0,0
19,8,2,35.7,0,1,0,0
17,7,2,39.9,2,1,0,1
19,1,0,22.8,1,1,0,0
28,12,2,22.9,0,1,0,0
26,24,1,9.8,0,2,1,0
37,6,2,11.6,0,2,1,0
26,8,1,4.4,0,1,1,0
23,21,3,25.0,3,3,1,0
9,21,2,51.9,0,2,0,0
12,10,1,39.7,0,1,1,0
1,13,0,9.2,0,2,0,0
1,3,1,10.9,3,3,0,1
47,25,2,37.1,0,1,1,0
34,25,3,20.1,0,1,1,0
32,28,0,8.5,0,3,1,0
25,12,1,12.6,0,2,0,0
40,1,2,1.7,1,1,1,1
45,22,3,21.5,0,2,1,0
1,4,1,42.4,0,2,0,0
16,10,1,22.0,0,3,0,0
39,5,3,24.7,0,2,0,0
5,17,2,63.2,0,1,1,0
22,20,2,8.7,0,2,0,0
29,9,2,42.3,0,2,0,0
3,3,3,18.8,0,1,0,0
12,8,2,12.6,0,2,0,0
26,5,3,26.1,1,2,1,0
16,1,1,14.2,0,1,0,0
37,16,0,14.9,0,2,1,0
22,4,0,35.4,0,1,1,0
29,24,0,38.4,0,1,1,0
14,5,3,21.8,0,1,0,0
28,25,4,56.6,1,1,0,0
5,11,0,16.2,0,2,0,0
47,22,3,68.7,0,1,0,0
30,20,2,46.1,0,2,0,0
46,9,2,45.0,0,1,1,0
5,21,0,32.2,0,3,0,0
12,20,3,29.2,0,2,0,0
16,26,1,24.7,0,2,0,0
26,24,2,42.9,0,1,0,0
26,30,1,39.9,3,1,1,0
21,5,1,27.3,1,1,0,0
39,26,1,16.1,0,3,0,0
36,7,1,7.0,0,1,1,0
33,1,1,32.2,2,2,0,0
30,11,3,22.8,0,2,0,0
37,12,1,33.6,0,1,0,0
23,24,2,36.8,2,2,0,0
10,20,0,3.2,1,2,0,1
5,6,3,15.2,0,2,0,1
36,9,1,16.7,0,1,1,0
34,12,0,8.4,0,1,0,0
31,16,1,27.8,0,1,1,0
10,25,2,32.0,0,2,1,0
19,20,0,24.3,0,2,0,0
32,27,0,7.7,0,1,0,0
1,29,2,29.6,0,3,0,0
5,25,1,16.1,0,1,1,0
45,13,1,15.1,0,3,1,0
4,1,2,38.6,0,3,1,0
16,27,1,50.9,0,3,0,0
24,21,2,30.6,2,2,1,0
16,10,1,16.3,0,1,0,0
2,0,0,18.6,1,1,0,1
28,18,4,33.7,2,2,0,0
32,20,0,6.4,0,1,0,0
27,3,1,78.9,0,1,0,0
20,18,2,22.2,2,2,1,0
24,25,0,21.2,0,1,1,0
12,28,2,4.5,0,3,1,0
35,20,2,21.0,0,2,0,0
33,10,2,11.8,0,2,1,0
33,7,1,39.3,1,2,0,0
43,10,2,27.3,1,3,0,0
37,3,2,5.3,1,2,0,0
12,16,1,28.3,0,2,0,0
3,26,3,34.8,0,1,0,0
1,6,2,31.1,0,3,0,0
33,7,1,27.9,0,2,0,0
40,2,2,43.5,0,1,1,0
10,21,2,16.9,0,1,0,0
43,1,3,20.8,0,2,1,0
44,22,2,10.5,0,1,1,0
29,14,2,70.6,0,3,0,0
13,23,3,9.6,0,3,1,0
12,21,3,31.1,0,1,0,0
31,21,3,15.8,0,2,1,0
46,4,1,21.1,0,1,0,0
2,23,0,3.0,1,2,1,0
35,0,1,32.0,1,1,1,0
23,25,1,66.7,3,2,1,0
17,3,1,31.5,0,1,1,0
26,14,1,1.8,0,1,0,0
8,19,3,27.4,0,1,0,0
29,18,3,7.9,0,1,0,0
26,2,2,9.3,0,2,0,0
10,19,3,31.0,1,1,0,0
26,10,1,27.5,0,2,1,0
34,16,0,33.3,2,3,0,0
41,29,0,27.7,2,2,1,0
7,26,1,21.7,0,3,1,0
4,12,0,32.4,0,3,0,0
45,10,0,6.7,0,1,1,0
11,1,5,37.7,0,1,0,0
29,8,2,8.1,0,2,1,0
36,25,1,26.8,0,3,0,0
25,1,1,44.8,0,3,0,0
21,20,3,10.0,0,1,0,0
36,8,0,34.0,0,1,0,0
10,8,2,31.6,0,1,0,0
37,7,1,23.4,0,2,0,0
9,16,1,5.2,0,2,0,0
24,0,2,27.2,0,1,1,0
35,24,2,24.0,0,1,0,0
35,28,0,35.3,1,2,0,0
36,10,1,10.1,0,2,1,0
18,7,3,43.5,0,1,1,0
39,9,0,23.1,0,3,1,0
32,24,0,20.3,0,2,0,0
24,6,2,44.7,0,2,0,0
23,2,4,37.9,0,2,0,0
32,2,2,37.5,0,1,0,0
37,17,1,12.2,0,1,1,0
12,4,1,29.9,0,2,0,0
13,11,0,6.6,0,1,1,0
23,11,3,13.8,0,2,0,0
25,18,3,14.5,0,2,1,0
35,29,1,32.9,1,2,0,0
41,5,0,40.5,0,1,1,0
30,1,4,21.6,1,1,1,0
17,11,1,18.3,0,2,1,0
20,18,1,34.7,0,1,0,0
25,4,2,23.4,2,2,0,0
22,11,5,23.2,0,2,1,0
13,26,3,14.4,1,1,0,0
19,26,0,23.6,0,2,0,0
36,16,4,10.6,0,1,0,0
12,28,1,15.2,1,1,0,0
41,16,0,47.5,0,3,0,0
19,9,1,19.7,1,3,0,0
12,24,2,32.2,0,2,0,0
9,22,3,15.1,0,3,0,0
7,16,1,46.4,0,2,0,0
28,14,2,19.2,1,1,0,0
14,11,2,47.0,0,1,0,0
31,29,1,12.6,0,3,1,0
19,15,2,16.3,1,1,1,0
47,23,3,18.1,1,2,1,0
16,18,2,16.7,0,2,1,0
5,7,2,35.5,0,2,0,1
35,30,2,35.2,0,1,1,0
12,20,2,25.1,0,1,0,0
25,16,0,32.0,0,1,1,0
21,22,0,81.2,0,2,0,0
36,4,4,27.9,0,2,1,1
23,21,1,34.7,1,2,0,0
16,15,4,13.0,1,2,0,1
39,5,2,15.1,0,1,1,0
45,7,1,8.9,0,3,0,0
42,24,1,23.7,0,2,0,0
39,17,2,22.4,0,1,0,0
14,24,1,7.0,0,1,0,0
31,11,0,24.6,0,2,0,0
5,14,2,27.0,0,3,1,0
35,26,1,38.5,0,1,0,0
23,25,0,17.4,0,2,0,0
29,8,1,33.1,0,1,0,0
43,12,2,30.7,0,1,1,0
11,25,2,30.4,0,2,1,0
18,14,3,11.9,0,2,1,0
47,9,3,20.3,1,2,1,0
12,15,0,41.4,1,1,1,0
9,6,0,35.6,0,1,1,0
10,16,4,7.3,0,1,1,0
44,22,0,31.3,0,1,0,0
17,25,3,10.9,0,1,1,0
38,20,2,6.4,0,1,0,0
7,21,2,17.4,0,1,1,0
46,25,4,27.0,0,1,1,0
13,6,2,27.6,0,2,1,0
40,13,1,7.0,0,1,1,0
42,14,3,11.6,0,1,0,0
9,20,2,52.2,0,2,0,0
27,6,3,9.0,0,1,0,1
2,8,1,14.1,0,2,1,0
5,18,1,1.5,0,1,1,0
29,15,4,57.9,1,1,1,0
37,7,3,10.2,1,1,1,0
38,17,2,11.9,0,1,1,0
19,26,3,6.4,0,2,1,0
8,22,2,19.6,0,3,1,0
45,28,1,16.8,1,1,1,0
1,17,2,46.4,0,1,1,0
22,30,2,43.8,0,2,0,0
17,29,2,61.2,1,1,1,0
7,19,0,29.7,0,2,0,0
25,6,0,9.8,0,1,0,0
45,2,0,20.9,0,3,1,0
4,17,2,11.8,0,1,0,0
36,26,4,7.6,0,1,1,0
6,9,2,54.5,0,3,0,0
31,6,1,33.5,0,2,0,0
19,16,6,30.8,0,2,0,0
44,13,1,6.4,1,2,0,0
39,30,1,25.4,0,2,0,0
27,23,1,17.0,0,1,0,0
10,2,2,23.4,1,2,0,0
26,11,1,4.6,1,1,0,0
19,27,1,29.4,0,2,0,0
39,12,1,3.7,1,3,1,0
3,1,4,19.4,0,1,0,0
45,2,1,25.8,1,1,1,0
13,4,0,33.4,0,1,1,0
28,10,0,27.2,0,1,0,0
20,7,1,30.6,3,3,1,0
28,25,3,26.7,0,1,1,0
8,22,5,12.0,0,1,1,0
41,22,2,6.3,0,2,0,0
39,11,1,41.0,0,3,1,0
1,6,1,49.0,0,2,1,0
3,14,2,18.9,2,2,0,0
13,23,1,13.7,0,2,0,0
28,16,1,4.5,0,3,0,0
25,3,3,15.4,2,2,1,1
33,28,4,12.8,0,2,0,0
38,21,1,8.6,0,1,1,0
6,24,1,42.8,0,1,0,1
44,12,2,31.1,0,2,1,0
45,17,2,31.4,0,3,0,0
32,0,1,19.6,3,3,0,0
45,15,2,11.0,0,3,0,0
47,12,2,23.4,0,2,0,0
21,9,0,22.2,0,2,0,0
16,11,2,6.1,0,2,0,0
21,29,2,31.5,0,2,0,0
11,1,0,21.1,0,1,1,0
37,22,2,22.2,0,1,1,0
36,2,0,14.1,1,3,0,0
35,9,0,17.5,0,1,0,0
19,1,2,31.6,0,3,0,0
20,29,0,50.7,1,1,1,0
18,26,2,51.9,0,2,0,0
47,22,2,16.7,0,2,0,0
41,12,2,20.3,0,2,0,0
14,12,1,39.0,0,1,1,0
15,17,2,12.5,0,3,0,0
31,2,0,8.7,0,2,1,0
1,26,2,23.8,0,1,0,0
3,6,1,27.5,0,2,0,0
16,13,1,21.7,0,1,0,0
23,19,1,16.2,0,1,0,0
11,28,1,27.3,1,1,0,0
12,29,1,17.3,2,3,0,0
10,16,2,20.4,1,2,0,1
32,28,3,19.5,0,2,0,1
16,29,2,25.0,0,1,0,0
8,20,0,14.0,0,1,1,0
38,11,0,23.7,0,3,0,0
12,24,1,4.0,0,2,1,0
24,15,0,11.6,0,3,0,0
28,23,2,30.0,0,1,0,0
8,11,0,17.7,0,1,0,0
28,14,0,17.2,3,3,0,0
36,24,0,36.7,0,2,0,0
26,9,1,43.3,0,1,0,0
8,29,0,33.2,0,1,1,0
28,24,3,20.2,0,2,0,0
28,30,1,16.6,0,1,0,0
37,6,1,14.3,0,2,0,0
41,19,1,24.9,0,1,0,0
36,4,1,11.0,1,1,1,0
27,0,3,35.0,1,3,0,0
17,29,2,28.5,2,1,0,0
9,16,2,17.2,1,2,0,0
33,2,1,17.1,0,2,0,1
20,12,0,17.0,0,1,1,0
13,13,3,18.3,0,1,1,0
28,23,4,22.4,0,2,0,0
29,29,2,23.6,0,1,0,0
13,17,4,48.0,1,1,1,0
46,3,1,22.4,0,1,0,0
35,17,0,16.0,0,2,0,0
6,29,0,44.3,0,2,1,0
18,4,1,20.3,2,2,0,0
5,24,2,2.9,0,1,0,0
47,15,2,50.0,1,2,0,0
25,0,1,11.6,1,3,1,0
2,20,2,26.9,2,2,0,0
10,13,0,19.2,1,2,1,0
30,14,3,21.0,0,2,1,0
45,8,0,12.8,0,3,0,0
5,14,4,10.8,0,3,0,0
33,16,2,36.0,0,1,0,0
1,24,2,21.4,0,1,0,0
18,23,3,18.3,2,1,1,0
32,3,1,18.5,0,1,0,1
47,11,1,37.6,1,1,0,0
11,26,3,11.7,0,2,1,0
21,25,2,44.5,0,1,0,0
26,4,1,24.4,2,2,1,0
25,28,1,16.9,0,2,1,0
22,4,2,14.9,0,1,0,0
27,10,0,13.8,0,3,0,0
13,27,3,13.4,0,2,1,0
33,5,2,32.0,0,1,1,0
34,6,2,10.0,0,1,0,0
41,23,0,19.2,0,1,0,0
35,30,0,23.5,0,2,0,0
1,13,0,11.4,0,1,0,0
21,23,2,8.4,0,2,0,0
6,10,1,4.6,0,2,0,0
28,29,2,23.1,1,1,0,0
17,12,0,5.9,0,3,0,0
5,1,3,53.9,0,1,1,0
31,24,1,26.8,0,3,1,0
5,6,3,5.4,1,1,0,1
38,19,3,16.0,0,2,0,0
3,3,1,16.0,0,1,0,0
23,26,4,23.4,0,2,0,0
37,7,2,16.4,0,2,1,0
37,19,2,5.2,0,1,0,0
10,28,2,7.2,0,2,1,0
10,30,1,35.6,0,1,0,0
19,21,1,15.1,3,2,1,0
17,20,0,20.4,0,3,0,0
21,18,2,33.7,0,1,0,0
14,12,0,14.2,0,1,0,0
9,13,2,4.9,1,1,1,0
46,9,2,21.2,1,2,1,0
1,10,1,23.9,0,1,1,0
45,1,2,11.7,0,1,1,0
13,24,2,9.1,0,1,1,0
4,25,2,34.8,0,1,0,0
1,8,3,26.7,0,3,0,1
40,16,1,14.6,0,1,1,0
32,25,3,8.5,0,2,1,0
34,2,2,29.5,0,2,1,0
28,23,0,17.6,0,2,0,0
31,5,2,10.9,0,1,0,0
8,4,2,28.0,0,2,1,0
39,4,2,18.6,0,3,0,0
26,21,0,24.7,0,1,0,0
34,14,0,28.1,0,1,1,0
3,22,1,5.7,0,1,1,0
12,16,0,10.3,0,1,0,0
1,8,2,32.7,0,1,1,0
44,2,4,26.4,0,2,1,0
5,19,3,34.2,0,1,1,0
30,25,3,12.8,0,2,1,0
30,16,1,19.3,1,2,0,0
17,28,2,19.8,0,1,0,0
47,26,3,25.0,2,2,0,0
23,9,1,24.7,0,1,0,0
15,2,2,31.4,1,3,0,0
37,17,2,19.3,0,1,0,0
21,17,3,29.7,0,2,0,0
14,29,1,32.3,0,2,0,0
2,16,1,19.2,0,1,0,0
11,23,2,15.8,1,1,1,0
39,2,1,21.3,1,2,0,0
38,2,4,26.6,0,1,0,0
34,5,1,82.0,0,3,0,0
38,12,3,21.9,0,3,0,0
34,23,2,13.1,1,1,1,0
18,28,0,4.3,0,1,0,0
30,14,1,32.2,0,1,0,0
15,24,1,8.1,0,1,0,0
27,8,2,72.4,1,2,0,0
34,3,4,25.9,0,2,0,0
38,13,2,53.1,1,1,0,0
33,4,1,33.3,1,1,0,0
24,1,1,18.3,0,1,1,0
15,10,4,25.3,0,1,1,0
30,8,2,11.0,1,2,0,0
42,23,5,18.0,0,1,0,0
17,2,3,26.1,2,2,0,0
5,26,0,6.3,0,2,0,0
29,27,5,16.5,0,2,0,0
4,28,1,31.4,2,1,1,0
10,8,0,25.8,0,2,0,0
17,2,1,10.0,0,2,1,0
10,24,2,39.1,1,2,0,0
17,1,1,21.7,0,1,1,0
20,11,2,12.3,0,1,1,0
24,9,1,6.3,0,2,1,0
5,8,0,36.2,1,1,0,0
34,14,1,38.5,1,1,1,0
6,7,4,29.4,0,3,1,1
2,24,2,20.1,1,1,1,0
13,4,1,24.4,1,1,0,0
43,10,1,30.7,0,1,1,0
43,26,3,14.1,0,2,0,0
11,1,1,15.5,0,1,0,0
47,23,2,23.1,0,2,1,0
23,27,3,13.7,0,1,0,0
16,14,0,14.0,1,1,0,0
31,5,0,23.7,0,2,0,0
11,7,0,35.7,0,1,1,0
16,26,2,35.0,0,3,0,0
8,4,1,21.1,0,1,0,0
4,15,2,19.3,0,1,0,0
40,25,0,42.2,0,1,1,0
4,17,2,28.4,0,1,0,0
25,5,1,8.7,0,3,1,0
3,4,0,10.9,1,3,0,0
32,27,1,29.9,0,1,1,0
3,15,3,34.2,0,2,1,0
27,12,2,5.2,0,2,0,0
29,27,2,19.1,0,1,0,0
32,4,0,11.4,0,1,1,0
19,12,5,23.5,0,3,0,0
21,16,1,41.5,1,3,0,0
5,17,1,8.7,0,3,1,0
18,7,3,14.1,0,2,1,0
28,12,2,18.1,3,2,0,0
42,29,2,8.9,1,1,0,0
22,28,1,5.1,0,1,0,0
21,18,1,11.8,2,1,0,0
6,25,5,58.2,0,2,1,0
1,2,1,17.1,0,2,1,0
5,23,0,17.3,1,2,1,0
41,7,1,29.8,0,3,0,0
12,1,3,18.7,0,3,0,0
26,7,3,43.5,0,3,0,0
46,26,2,23.1,0,1,0,0
34,12,1,12.7,0,2,1,0
14,12,8,30.8,0,2,0,0
26,0,0,8.2,2,1,1,0
45,5,2,16.0,2,3,1,0
27,23,4,10.7,1,3,1,1
9,18,0,9.4,0,1,1,0
26,15,0,38.2,0,1,1,0
47,7,1,33.9,2,2,0,0
22,27,0,23.5,1,2,0,0
47,0,2,52.9,0,3,0,0
30,26,0,12.2,0,1,0,0
43,26,1,30.5,0,1,1,0
17,15,2,43.0,0,1,1,0
26,8,1,22.3,0,1,0,0
36,12,3,19.6,1,1,0,0
1,10,3,13.9,0,3,0,0
8,12,2,30.5,0,1,1,0
35,24,1,7.4,0,1,1,0
15,20,2,5.3,0,1,1,0
47,9,4,27.1,0,1,0,0
22,3,1,11.5,0,2,0,0
14,30,2,12.5,0,2,1,0
26,26,2,10.3,0,2,1,0
28,5,3,23.6,0,1,0,0
23,27,0,21.8,0,1,1,0
14,6,0,10.1,0,1,0,0
24,4,3,21.3,1,1,1,0
2,10,1,22.6,0,2,1,0
45,12,0,17.2,1,1,1,0
26,25,1,35.0,0,2,0,0
14,24,5,18.3,1,1,0,1
7,18,2,26.0,1,2,1,0
3,30,1,18.8,0,3,1,0
47,22,2,22.3,0,2,0,0
23,9,1,18.4,0,2,1,0
46,9,1,10.5,1,3,0,0
43,10,2,15.6,0,2,1,0
47,20,3,36.1,0,1,1,0
45,29,1,42.0,0,1,0,0
18,6,0,25.9,1,2,0,0
38,30,0,23.2,0,2,0,0
35,17,4,7.7,0,1,0,0
15,3,0,22.9,0,1,0,0
25,1,1,9.5,0,3,1,0
37,13,3,16.3,0,1,1,0
28,12,2,23.1,0,1,0,0
10,28,0,13.3,0,1,0,0
39,11,1,21.9,1,2,0,0
17,6,1,15.7,0,1,0,0
39,1,3,22.3,0,2,0,0
22,12,0,57.1,0,1,1,0
26,13,0,32.0,0,2,1,0
44,26,0,16.5,0,2,0,0
25,16,0,49.4,0,1,1,0
17,8,1,31.5,0,2,1,0
13,16,0,13.4,0,1,0,0
20,7,2,12.5,0,1,1,0
25,30,2,32.6,2,2,1,0
4,1,2,21.0,0,1,0,0
10,27,2,9.4,1,2,0,0
3,23,3,19.5,0,1,1,0
41,12,2,14.8,0,1,1,0
45,2,1,11.5,0,1,0,0
18,15,0,17.4,1,2,0,0
47,5,3,20.3,0,1,0,1
36,18,1,45.7,0,2,1,0
47,29,1,34.7,0,1,0,0
22,6,1,19.1,0,1,1,0
34,9,2,5.2,0,2,0,0
47,8,0,11.8,0,2,0,0
8,1,0,18.9,0,1,0,0
40,30,3,7.9,1,2,0,0
44,27,2,15.9,0,1,0,0
19,27,3,27.7,0,2,0,0
42,14,1,26.8,0,3,0,0
41,29,2,12.5,1,3,0,0
37,4,5,18.0,2,2,0,1
6,28,5,18.0,3,1,0,0
26,21,0,38.5,0,2,1,0
34,3,1,25.7,1,2,1,0
45,19,2,11.7,0,1,1,0
6,3,3,20.3,0,1,0,0
37,17,2,22.3,0,3,0,0
33,3,3,24.6,0,3,0,0
22,26,1,14.6,2,1,0,0
21,16,1,30.2,0,2,1,0
6,11,1,14.9,0,2,0,0
6,21,3,38.9,1,1,0,0
4,16,1,24.5,1,1,0,1
30,9,1,20.7,0,2,1,0
11,21,1,34.8,0,1,1,0
30,0,0,10.4,1,1,0,0
31,21,1,6.0,0,2,0,0
24,25,6,38.3,0,3,1,0
9,23,4,34.6,0,2,1,0
3,26,3,29.8,0,2,0,0
31,17,3,13.2,1,1,0,0
40,17,1,31.2,0,1,1,0
37,13,3,39.8,0,2,1,0
36,14,1,22.9,0,1,0,0
24,28,5,24.5,0,3,0,0
31,11,1,13.7,0,1,1,0
6,3,2,25.3,0,1,1,1
2,26,3,11.6,0,1,1,0
20,2,0,30.6,0,3,1,0
28,19,2,27.0,0,1,0,0
11,28,4,14.6,0,1,1,0
4,11,2,33.1,0,1,0,0
15,6,0,19.7,0,2,1,0
6,28,1,22.4,2,1,0,0
30,10,1,21.7,0,1,1,0
38,0,1,19.7,0,1,0,0
2,5,3,14.5,0,2,0,1
15,14,1,25.3,3,1,0,1
11,14,2,32.0,0,1,1,0
8,18,2,30.5,1,1,1,0
26,10,2,10.7,0,2,1,0
45,25,2,19.7,2,2,0,0
44,22,0,12.8,1,2,0,0
5,25,2,23.3,0,3,1,0
6,1,5,7.9,0,3,1,0
26,13,0,8.1,0,1,1,0
4,1,1,14.5,0,2,1,0
19,28,1,39.3,0,2,1,0
20,3,2,22.4,0,3,0,0
33,16,0,13.8,0,1,1,0
20,2,0,27.0,0,2,1,1
12,12,2,24.3,0,1,1,0
47,8,0,42.2,0,3,1,0
1,6,1,24.3,0,1,0,1
26,14,4,17.5,3,1,0,0
14,22,2,31.2,0,1,0,0
38,28,2,10.6,1,1,0,0
37,28,0,18.4,0,2,1,0
11,10,3,15.5,0,1,1,0
36,19,2,12.2,0,1,0,0
13,1,1,14.6,0,3,0,0
43,14,2,17.3,1,1,1,0
3,13,3,23.8,0,2,1,0
33,19,1,5.2,0,1,0,0
6,21,0,20.2,2,1,1,0
10,10,0,23.5,0,2,0,0
5,26,1,33.4,3,2,0,0
23,2,3,11.0,3,1,0,1
10,16,2,29.5,0,3,0,0
44,29,1,14.4,0,3,0,0
2,11,0,12.0,0,3,1,0
